coefficient,ps,adequacy
-0.0061583883932989185,9.999000099990002e-05,0
-0.005363425524792864,9.999000099990002e-05,1
-0.0014680665463642994,0.0105989401059894,2
0.010610953719758872,9.999000099990002e-05,3
