coefficient,ps,adequacy
-0.004659868190744853,9.999000099990002e-05,0
-0.004824668988222521,9.999000099990002e-05,1
-0.002402093000611655,9.999000099990002e-05,2
0.009831529911354374,9.999000099990002e-05,3
