coefficient,ps,adequacy
-0.004659894379105763,9.999000099990002e-05,0
-0.004824655534328388,9.999000099990002e-05,1
-0.0024021140961485196,9.999000099990002e-05,2
0.009831552983694848,9.999000099990002e-05,3
