coefficient,ps,adequacy
-0.004659894379105764,9.999000099990002e-05,0
-0.004824655534328388,9.999000099990002e-05,1
-0.0024021140961485226,9.999000099990002e-05,2
0.009831552983694846,9.999000099990002e-05,3
