coefficient,ps,adequacy
-0.005567698453661057,9.999000099990002e-05,0
-0.005444503093345343,9.999000099990002e-05,1
-0.001990388707835934,9.999000099990002e-05,2
0.010469788637846537,9.999000099990002e-05,3
