score_mean,score_std,ps,decoder,ps_corrected,stars
0.5844644991539913,0.032040465686873305,4.999500049994998e-05,RF,0.00014998500149984994,***
0.6138815286579071,0.027706240036018015,4.999500049994998e-05,RNN,0.00014998500149984994,***
0.5520009751842437,0.028751287600486976,4.999500049994998e-05,SVM,0.00014998500149984994,***
