score_mean,score_std,ps,decoder,ps_corrected,stars
0.5845484615056887,0.03192359835261817,4.999500049994998e-05,RF,0.00014998500149984994,***
0.6138265424301276,0.027852998056033522,4.999500049994998e-05,RNN,0.00014998500149984994,***
0.5535669608669751,0.026927354111969462,4.999500049994998e-05,SVM,0.00014998500149984994,***
