score_mean,score_std,ps,decoder,ps_corrected,stars
0.5787226688728029,0.03703157431615573,4.999500049994998e-05,RF,0.00014998500149984994,***
0.6299896960483269,0.03412232716674942,4.999500049994998e-05,RNN,0.00014998500149984994,***
0.564193599218821,0.03210521739566101,4.999500049994998e-05,SVM,0.00014998500149984994,***
