condition,score_mean,score_std,ps,decoder,ps_corrected,stars
"T-3,T-2,T-1",0.6126706315134469,0.03895748043498056,4.999500049994998e-05,RF,0.00029997000299969987,***
"T-7,T-6,T-5",0.5612666922811578,0.02476560552136833,4.999500049994998e-05,RF,0.00029997000299969987,***
"T-3,T-2,T-1",0.6267188969228769,0.03211947576390077,4.999500049994998e-05,RNN,0.00029997000299969987,***
"T-7,T-6,T-5",0.5847056497086621,0.02196837071027437,4.999500049994998e-05,RNN,0.00029997000299969987,***
"T-3,T-2,T-1",0.5602521890015599,0.03302389017048941,4.999500049994998e-05,SVM,0.00029997000299969987,***
"T-7,T-6,T-5",0.533235523597944,0.02124101078736375,4.999500049994998e-05,SVM,0.00029997000299969987,***
