score_mean,score_std,ps,decoder,ps_corrected,stars
0.5844644991539913,0.03204046568687335,4.999500049994998e-05,RF,0.00014998500149984994,***
0.6138924161057725,0.027708175307471734,4.999500049994998e-05,RNN,0.00014998500149984994,***
0.5520009751842436,0.028751287600486956,4.999500049994998e-05,SVM,0.00014998500149984994,***
