condition,score_mean,score_std,ps,decoder,ps_corrected,stars
"T-3,T-2,T-1",0.6126706315134469,0.03895748043498056,4.999500049994998e-05,RF,0.00029997000299969987,***
"T-7,T-6,T-5",0.5612666922811578,0.024765605521368347,4.999500049994998e-05,RF,0.00029997000299969987,***
"T-3,T-2,T-1",0.6266918848308484,0.03212364260622708,4.999500049994998e-05,RNN,0.00029997000299969987,***
"T-7,T-6,T-5",0.5847056497086621,0.021968370710274385,4.999500049994998e-05,RNN,0.00029997000299969987,***
"T-3,T-2,T-1",0.5602521890015599,0.03302389017048941,4.999500049994998e-05,SVM,0.00029997000299969987,***
"T-7,T-6,T-5",0.533235523597944,0.021241010787363762,4.999500049994998e-05,SVM,0.00029997000299969987,***
