fold,score,n_sample,source,sub_name,filename,accuracy_train,accuracy_test,feature importance T-7,feature importance T-6,feature importance T-5,feature importance T-4,feature importance T-3,feature importance T-2,feature importance T-1
3,0.7362141699774586,1648,cognitive,1,../data/targets/cognitive-4-rating/data_Adler_2018_Expt1.csv,0,0,0.004390479183382123,0.003532859788281939,0.0016361739973986267,0.02486363216802444,0.007603489421202736,0.005763282028198003,0.02206833465630039
3,0.7443089432991834,2665,cognitive,1,../data/targets/cognitive-4-rating/data_Adler_2018_Expt1.csv,0,1,0.008673477129222507,0.007957115407112714,0.004973973149488342,0.009700778272458032,0.015406830980871755,0.017413575205533004,0.029144311524955314
