coefficient,ps,adequacy
-0.004797043242297166,9.999000099990002e-05,0
-0.004958657607258161,9.999000099990002e-05,1
-0.0028253143911961933,9.999000099990002e-05,2
0.010001823962304061,9.999000099990002e-05,3
