coefficient,ps,adequacy
-0.004797043242297166,9.999000099990002e-05,0
-0.004958657607258156,9.999000099990002e-05,1
-0.002825314391196187,9.999000099990002e-05,2
0.010001823962304045,9.999000099990002e-05,3
