condition,coefficient,ps,adequacy
"T-3,T-2,T-1",-0.00918553680568608,9.999000099990002e-05,0
"T-3,T-2,T-1",-0.010477503171161424,9.999000099990002e-05,1
"T-3,T-2,T-1",-0.007986324927744898,9.999000099990002e-05,2
"T-3,T-2,T-1",0.02218638786522279,9.999000099990002e-05,3
"T-7,T-6,T-5",-0.003893652412167881,9.999000099990002e-05,0
"T-7,T-6,T-5",-0.0025873225923751784,9.999000099990002e-05,1
"T-7,T-6,T-5",-0.0016757167614084184,9.999000099990002e-05,2
"T-7,T-6,T-5",0.006561539632729664,9.999000099990002e-05,3
