coefficient,ps,adequacy
-0.00573342736837381,9.999000099990002e-05,0
-0.005564107394903719,9.999000099990002e-05,1
-0.0023750672632312335,9.999000099990002e-05,2
0.010666756319149045,9.999000099990002e-05,3
