coefficient,ps,adequacy
-0.003776571609859904,9.999000099990002e-05,0
-0.0039680794747985765,9.999000099990002e-05,1
-0.0026586428865268017,9.999000099990002e-05,2
0.010445688240445727,9.999000099990002e-05,3
