condition,coefficient,ps,adequacy
"T-3,T-2,T-1",-0.007905112670689385,9.999000099990002e-05,0
"T-3,T-2,T-1",-0.010819917651058828,9.999000099990002e-05,1
"T-3,T-2,T-1",-0.008810089368557402,9.999000099990002e-05,2
"T-3,T-2,T-1",0.022192711235775493,9.999000099990002e-05,3
"T-7,T-6,T-5",-0.0035930799066480773,9.999000099990002e-05,0
"T-7,T-6,T-5",-0.002713902528110325,9.999000099990002e-05,1
"T-7,T-6,T-5",-0.002096539872425189,9.999000099990002e-05,2
"T-7,T-6,T-5",0.006911660817099868,9.999000099990002e-05,3
