coefficient,ps,adequacy
-0.006275237604303688,9.999000099990002e-05,0
-0.005474951023380754,9.999000099990002e-05,1
-0.0019650093768142016,9.999000099990002e-05,2
0.010757100017179007,9.999000099990002e-05,3
