score_mean,score_std,ps,decoder,target_data,ps_corrected,stars
0.5353169790606747,0.008091290663074074,4.999500049995001e-05,RF,cognitive,0.00014998500149985002,***
0.5599744483464862,0.02330644141487958,4.999500049995001e-05,RNN,cognitive,0.00014998500149985002,***
0.5109388030229484,0.0024513626447683345,4.999500049995001e-05,SVM,cognitive,0.00014998500149985002,***
0.5604494374233668,0.019098629578896534,4.999500049995001e-05,RNN,mem_4,0.00014998500149985002,***
0.560021793480731,0.04334478839478961,0.0021747825217478256,RF,mem_4,0.006524347565243477,**
0.5331031192938134,0.046143668371360434,0.02434756524347565,SVM,mem_4,0.07304269573042696,n.s.
0.5582440835921589,0.021580443158778242,4.999500049995001e-05,RF,mixed_4,0.00014998500149985002,***
0.5792529948397516,0.027026426064286097,4.999500049995001e-05,RNN,mixed_4,0.00014998500149985002,***
0.5512277107558099,0.026449582232126817,4.999500049995001e-05,SVM,mixed_4,0.00014998500149985002,***
