score_mean,score_std,ps,decoder,target_data,ps_corrected,stars
0.534249151885627,0.05813193823419725,4.999500049995001e-05,RNN,cognitive,0.00014998500149985002,***
0.5485293371943692,0.07613233057832346,4.999500049995001e-05,RNN,mem_4,0.00014998500149985002,***
0.5600978148096549,0.06664394846899527,4.999500049995001e-05,RNN,mixed_4,0.00014998500149985002,***
0.509812145398114,0.043505205854847386,4.999500049995001e-05,regression,cognitive,0.00014998500149985002,***
0.5216260242659413,0.06765350069471097,4.999500049995001e-05,regression,mem_4,0.00014998500149985002,***
0.5533739240622584,0.06435305046854112,4.999500049995001e-05,regression,mixed_4,0.00014998500149985002,***
