score_mean,score_std,ps,decoder,target_data,ps_corrected,stars
0.5329034764981035,0.008307391497540426,4.999500049995001e-05,RF,cognitive,0.00014998500149985002,***
0.5599744483464862,0.02330644141487958,4.999500049995001e-05,RNN,cognitive,0.00014998500149985002,***
0.5109388030229484,0.0024513626447683345,4.999500049995001e-05,SVM,cognitive,0.00014998500149985002,***
0.560449437423367,0.019098629578896492,4.999500049995001e-05,RNN,mem_4,0.00014998500149985002,***
0.5579492972199233,0.04140280484329472,0.0019748025197480253,RF,mem_4,0.005924407559244076,**
0.5331031192938134,0.046143668371360434,0.024922507749225078,SVM,mem_4,0.07476752324767523,n.s.
0.556387507507641,0.020170110453846563,4.999500049995001e-05,RF,mixed_4,0.00014998500149985002,***
0.5792529948397516,0.027026426064286097,4.999500049995001e-05,RNN,mixed_4,0.00014998500149985002,***
0.5512277107558099,0.026449582232126845,4.999500049995001e-05,SVM,mixed_4,0.00014998500149985002,***
