score_mean,score_std,ps,decoder,target_data,ps_corrected,stars
0.5440410469484518,0.012665771171958658,4.999500049995001e-05,RF,cognitive,0.00014998500149985002,***
0.5511789884728444,0.014558089844691247,4.999500049995001e-05,RNN,cognitive,0.00014998500149985002,***
0.5098178136870666,0.002093290578754663,4.999500049995001e-05,SVM,cognitive,0.00014998500149985002,***
0.5487292388392807,0.015645109591297116,4.999500049995001e-05,RF,mem_4,0.00014998500149985002,***
0.5532200327553614,0.01591305920162194,4.999500049995001e-05,RNN,mem_4,0.00014998500149985002,***
0.5165831668089049,0.020311544035571973,0.024922507749225078,SVM,mem_4,0.07476752324767523,n.s.
0.5657746883761828,0.026652221364235878,4.999500049995001e-05,RF,mixed_4,0.00014998500149985002,***
0.5698653267816782,0.024711892998859463,4.999500049995001e-05,RNN,mixed_4,0.00014998500149985002,***
0.5337640530159282,0.015817358838998093,4.999500049995001e-05,SVM,mixed_4,0.00014998500149985002,***
