score_mean,score_std,ps,decoder,target_data,ps_corrected,stars
0.543009011327844,0.012113529301343972,4.999500049995001e-05,RF,cognitive,0.00014998500149985002,***
0.5503249336078666,0.01420825146486399,4.999500049995001e-05,RNN,cognitive,0.00014998500149985002,***
0.5102006391986937,0.0018816065826935714,4.999500049995001e-05,SVM,cognitive,0.00014998500149985002,***
0.5490821515327262,0.012649559116729764,4.999500049995001e-05,RNN,mem_4,0.00014998500149985002,***
0.5703875988143166,0.04859831821725603,0.002124787521247875,RF,mem_4,0.006374362563743625,**
0.5267757238551006,0.0342808114684154,0.025297470252974703,SVM,mem_4,0.07589241075892411,n.s.
0.5664375862933346,0.02358162034300677,4.999500049995001e-05,RF,mixed_4,0.00014998500149985002,***
0.5639954509486231,0.02287956878988796,4.999500049995001e-05,RNN,mixed_4,0.00014998500149985002,***
0.5432832264787804,0.022287574382545163,4.999500049995001e-05,SVM,mixed_4,0.00014998500149985002,***
