accuracy_train,coefficient,ps,confidence
correct trials,-0.017169454499308588,9.999000099990002e-05,0
correct trials,-0.008515407221362029,9.999000099990002e-05,1
correct trials,0.00029013772144695956,1.0,2
correct trials,0.027390935094183222,9.999000099990002e-05,3
incorrect trials,-0.01647464375205142,9.999000099990002e-05,0
incorrect trials,-0.009101112208133172,9.999000099990002e-05,1
incorrect trials,0.0005374706374263179,1.0,2
incorrect trials,0.0270732298348319,9.999000099990002e-05,3
