accuracy_train,coefficient,ps,confidence
correct trials,-0.01716919304888531,9.999000099990002e-05,0
correct trials,-0.00851555605052957,9.999000099990002e-05,1
correct trials,0.0002903448519553497,1.0,2
correct trials,0.027390648206863034,9.999000099990002e-05,3
incorrect trials,-0.016475493353514725,9.999000099990002e-05,0
incorrect trials,-0.009100590366218849,9.999000099990002e-05,1
incorrect trials,0.0005369463543824792,1.0,2
incorrect trials,0.02707395700189259,9.999000099990002e-05,3
