accuracy_train,coefficient,ps,confidence
correct trials,-0.0190554769195151,9.999000099990002e-05,0
correct trials,-0.00989144381596898,9.999000099990002e-05,1
correct trials,0.0009256646008072933,1.0,2
correct trials,0.028492608389487622,9.999000099990002e-05,3
incorrect trials,-0.018420883720439967,9.999000099990002e-05,0
incorrect trials,-0.010395069112939775,9.999000099990002e-05,1
incorrect trials,0.0010935172370097734,1.0,2
incorrect trials,0.02823506131566242,9.999000099990002e-05,3
