accuracy_train,coefficient,ps,confidence
correct trials,-0.019008192045003605,9.999000099990002e-05,0
correct trials,-0.00989296706242214,9.999000099990002e-05,1
correct trials,0.0009202762679258649,1.0,2
correct trials,0.028462277353475667,9.999000099990002e-05,3
incorrect trials,-0.018432478181313217,9.999000099990002e-05,0
incorrect trials,-0.01039423412486086,9.999000099990002e-05,1
incorrect trials,0.001092076498946615,1.0,2
incorrect trials,0.028244889094449607,9.999000099990002e-05,3
