accuracy_train,coefficient,ps,confidence
correct trials,-0.019008192045003605,9.999000099990002e-05,0
correct trials,-0.00989296706242214,9.999000099990002e-05,1
correct trials,0.000920276267925865,1.0,2
correct trials,0.02846227735347567,9.999000099990002e-05,3
incorrect trials,-0.018432478181313217,9.999000099990002e-05,0
incorrect trials,-0.010394234124860862,9.999000099990002e-05,1
incorrect trials,0.0010920764989466127,1.0,2
incorrect trials,0.028244889094449603,9.999000099990002e-05,3
