fold,score,n_sample,source,sub_name,score1,score2,score3,score4,feature importance T-7,feature importance T-6,feature importance T-5,feature importance T-4,feature importance T-3,feature importance T-2,feature importance T-1
96,0.7665708778760199,121461,train,train,0.7743352031519912,0.710932132140004,0.7417693891555643,0.8392467870565194,0.022734869628934413,0.020477354871110926,0.026217468981813104,0.02831690830801658,0.03321313014053896,0.0430590889256634,0.18206584829698422
96,0.6502572337195953,10832,cognitive,1,0.6471394992837642,0.5976532818099964,0.6676986236178067,0.688537530166814,0.004172821270310217,-0.0013940177252584785,0.004431314623338278,0.001329394387001498,0.0029542097488922,0.0033973412112260236,0.0255631462333826
96,0.630755882803474,604,mem_4,1,0.6391985910572893,0.5374304871074118,0.6225651736675176,0.7238292793816776,0.012582781456953653,0.005629139072847694,0.024834437086092724,0.013079470198675511,0.012251655629139085,0.019370860927152334,0.05364238410596027
96,0.7221562286245445,5327,mixed_4,1,0.6873621151542075,0.7053982571413092,0.6844255109622548,0.8114390312404067,0.02078092735122956,0.0164633001689506,0.024216256804955854,0.022958513234465905,0.02979162755772477,0.04469682748263561,0.14154308241036226
96,0.7400308108418725,10832,cognitive,2,0.7788894024595978,0.6765091763837089,0.7476762834020267,0.757048381122156,0.019867060561299867,0.018620753323485985,0.021067208271787312,0.02494460856720828,0.03084379615952736,0.03766617429837522,0.13490583456425406
96,0.6098183501152472,525,mem_4,2,0.6298614008251056,0.5518570087102936,0.5828,0.6747549909255898,0.01504761904761905,-0.009904761904761908,0.010857142857142857,0.005904761904761904,-0.002285714285714288,0.03295238095238095,0.02971428571428571
