fold,score,n_sample,source,sub_name,score1,score2,score3,score4,feature importance T-7,feature importance T-6,feature importance T-5,feature importance T-4,feature importance T-3,feature importance T-2,feature importance T-1
47,0.7933324713511027,98842,train,train,0.8092294797175567,0.7342822424090815,0.763049940147515,0.8667682231302576,0.023989801906072323,0.020157422957851934,0.026357216567855772,0.028634588535238058,0.031169947997814706,0.04403087756216993,0.2017330689383056
47,0.6505147775865878,10832,cognitive,1,0.646377068843776,0.5945233235272941,0.6671709869848361,0.693987730990445,0.003711225997045764,-0.00013847858197934548,0.001984859675036893,0.002511078286558316,0.001523264401772495,0.0030096011816838687,0.023412112259970436
47,0.637171294268905,604,mem_4,1,0.6471166162086632,0.5472140084449798,0.633859364121606,0.7204951883003712,-0.0003311258278145657,-0.0009933774834437082,0.012417218543046355,0.001986754966887422,0.0004966887417218541,0.004139072847682121,0.04006622516556292
47,0.7244125661331917,5327,mixed_4,1,0.6960448554851043,0.7070602416165557,0.6840027003773368,0.8105424670537699,0.02113760090107004,0.01950441148864277,0.02534259433076781,0.026863149990613854,0.030636380702083733,0.0477754833865215,0.1418809836681059
