fold,score,n_sample,source,sub_name,score1,score2,score3,score4,feature importance T-7,feature importance T-6,feature importance T-5,feature importance T-4,feature importance T-3,feature importance T-2,feature importance T-1
41,0.7815838079329327,168967,train,train,0.7970099438625804,0.7172689783386414,0.7540152254727791,0.8580410840577296,0.02085259251806564,0.02216645853924138,0.025623938402173186,0.02868844212183443,0.04203069238371988,0.04521888889546478,0.18498996845537882
41,0.6499970746061481,10832,cognitive,1,0.6467927129027269,0.5946788692166122,0.666487570105866,0.6920291461993872,0.0043482274741506784,-0.0009416543574593761,0.005797636632200903,0.0005539143279172986,0.0005816100443131522,0.0009970457902511221,0.02168574593796161
41,0.6200063643304251,604,mem_4,1,0.6290390661387983,0.5230472505141216,0.6095845903922024,0.718354550276578,0.0077814569536423794,0.004801324503311255,0.01721854304635761,0.001324503311258271,0.014403973509933768,0.003973509933774827,0.042880794701986746
41,0.7237204923587118,5327,mixed_4,1,0.693156173014014,0.707088370484275,0.6835317214979343,0.8111057044386242,0.023934672423502917,0.023990989299793524,0.02613103059883613,0.028590200863525445,0.04501595644828234,0.04672423502909706,0.14030411113196922
41,0.7374250741187174,10832,cognitive,2,0.7784076696049618,0.6720335308694998,0.7466824493087104,0.7525766466916974,0.021602658788773994,0.023338257016248136,0.02558161004431312,0.023947562776957143,0.03221935007385523,0.03346565731166911,0.12178729689807977
41,0.6161071860842672,525,mem_4,2,0.6219348259398322,0.5606320629472525,0.5994117647058823,0.6824500907441016,0.017523809523809518,-0.010476190476190481,0.003999999999999992,0.002857142857142847,0.0028571428571428524,0.020952380952380945,0.027428571428571424
41,0.7072741565553041,5489,mixed_4,2,0.7224098883953447,0.6595805418372693,0.6783673967523846,0.768738799236218,0.02432137001275277,0.020841683366733456,0.02588813991619602,0.023920568409546355,0.042995081071233364,0.04015303333940608,0.10794315904536345
