fold,score,n_sample,source,sub_name,score1,score2,score3,score4,feature importance T-7,feature importance T-6,feature importance T-5,feature importance T-4,feature importance T-3,feature importance T-2,feature importance T-1
8,0.7757345143158066,126477,train,train,0.7784753742613366,0.7192326752631257,0.7468244373616558,0.8584055703771085,0.024451085968199743,0.02295278983530602,0.025690837069190436,0.03230468780885061,0.03640424741257303,0.04725997612214077,0.1926239553436593
8,0.6497573047943217,10832,cognitive,1,0.6467497402088871,0.5962049619356338,0.6687677820583003,0.6873067349744657,0.0033696454948301145,0.00048005908419496146,0.0029911373707533053,0.0006093057607090002,0.002372599704579015,0.005520679468242223,0.023532127031019184
8,0.6303257889793479,604,mem_4,1,0.6429974965067536,0.5400710643838451,0.6313220391428793,0.7069125558839131,0.009105960264900664,0.005463576158940398,0.01870860927152318,0.014238410596026494,0.008609271523178808,0.02036423841059603,0.04122516556291391
8,0.7232916742376482,5327,mixed_4,1,0.6958900421361549,0.7039702334070935,0.6852428955456693,0.8080635258616748,0.021606908203491655,0.021437957574619866,0.024648019523183785,0.02408485076027783,0.032776422001126355,0.04820724610474939,0.13872723859583252
8,0.7382218690291192,10832,cognitive,2,0.7779485268021258,0.6748370224419189,0.7457295731733015,0.7543723536991309,0.019183899556868517,0.023836779911373694,0.024279911373707518,0.027446454948301318,0.032690177252584926,0.04222673559822746,0.13652141802067946
8,0.6172385023467752,525,mem_4,2,0.6351457840819542,0.55290936761325,0.6011529411764706,0.6797459165154265,0.018285714285714287,-0.006476190476190474,0.009142857142857147,0.0055238095238095255,0.00380952380952381,0.03047619047619048,0.026857142857142857
8,0.7096629023222528,5489,mixed_4,2,0.723010499753228,0.665067468903421,0.6796695932018852,0.7709040474304767,0.02537802878484242,0.023118965203133553,0.026853707414829665,0.025979231189652043,0.03332118783020588,0.042157041355438164,0.11421023865913646
