source,condition,score_mean,score_std,pval,p_corrected,stars
mem_4,RNN_correct,0.5912671372629833,0.1229129503921398,9.99990000099999e-06,2.999970000299997e-05,***
mixed_4,RNN_correct,0.5901754869889294,0.09049423398656924,9.99990000099999e-06,2.999970000299997e-05,***
cognitive,RNN_correct,0.5429258136617888,0.10045304556745886,6.999930000699993e-05,0.0002099979000209998,***
cognitive,RNN_incorrect,0.5738904260056125,0.12277506437026454,9.99990000099999e-06,2.999970000299997e-05,***
mem_4,RNN_incorrect,0.5751460908903102,0.11052880335330943,9.99990000099999e-06,2.999970000299997e-05,***
mixed_4,RNN_incorrect,0.5581323776621915,0.0879619188832488,9.99990000099999e-06,2.999970000299997e-05,***
