source,model,score_mean,score_std,pval,p_corrected,stars
cognitive,RF,0.5266461117201583,0.08416757913294573,9.99990000099999e-06,2.999970000299997e-05,***
mem_4,RF,0.6002072607129283,0.09186545299583809,9.99990000099999e-06,2.999970000299997e-05,***
mixed_4,RF,0.6367265676313276,0.07258625282827402,9.99990000099999e-06,2.999970000299997e-05,***
cognitive,RNN,0.520626170881853,0.09879681099149518,9.99990000099999e-06,2.999970000299997e-05,***
mem_4,RNN,0.5939625312479582,0.09304906774638078,9.99990000099999e-06,2.999970000299997e-05,***
mixed_4,RNN,0.6262667262019079,0.06665361755924924,9.99990000099999e-06,2.999970000299997e-05,***
