source,pval,slope_rf_mean,slope_rf_std,slope_rnn_mean,slope_rnn_std
cognitive,4.999950000499995e-06,0.03453630691659506,0.0004374094628313924,0.14331847044617674,0.0002652757966101728
mem_4,4.999950000499995e-06,0.0554907519667519,0.000396558787328592,0.1280140437899671,0.00023459343657798728
mixed_4,4.999950000499995e-06,0.10848178651433821,0.0004704490853240732,0.12910273308759063,0.00047698508525637355
