fold,score,n_sample,source,sub_name,score1,score2,score3,score4,feature importance T-7,feature importance T-6,feature importance T-5,feature importance T-4,feature importance T-3,feature importance T-2,feature importance T-1
56,0.7046405640734232,144721,train,train,0.673257321480055,0.6760834685455474,0.6993204931221375,0.7699009731459528,0.0338064275398871,0.03200572135350088,0.037501813834896126,0.04090353162291582,0.042239205091175444,0.045788102625050967,0.10010295672362686
56,0.5608477020264244,10832,cognitive,1,0.5681120461915006,0.5673291266504102,0.586392411639161,0.5215572236246259,0.003111152141802076,0.00023079763663221286,0.0010985967503692878,0.002123338257016258,0.003997415066469728,0.006785450516986713,0.01478951255539144
56,0.4868669830561302,604,mem_4,1,0.45474006116207955,0.4818988885876932,0.4956656223449448,0.5151633601298031,-0.011423841059602648,-0.01688741721854304,-0.023509933774834436,-0.01258278145695364,-0.008940397350993376,-0.011258278145695362,-0.01721854304635761
56,0.6703457219171846,5327,mixed_4,1,0.7211647626925275,0.6195251647882449,0.616876343159626,0.7238166170283397,0.021606908203491655,0.01824666791815282,0.021513046743007334,0.02408485076027784,0.0256617232964145,0.033058006382579316,0.05489018209123335
