accuracy_train,coefficient,ps,confidence
correct trials,-0.01749111442710931,9.999000099990002e-05,0
correct trials,-0.010645689611285834,9.999000099990002e-05,1
correct trials,-0.0012531230370243804,1.0,2
correct trials,0.02815154498294239,9.999000099990002e-05,3
incorrect trials,-0.01740604403643259,9.999000099990002e-05,0
incorrect trials,0.00014381150281031263,1.0,1
incorrect trials,0.00860819575968629,9.999000099990002e-05,2
incorrect trials,0.02653617220092988,9.999000099990002e-05,3
