accuracy_train,coefficient,ps,confidence
correct trials,-0.019347020393995197,9.999000099990002e-05,0
correct trials,-0.012126003653947918,9.999000099990002e-05,1
correct trials,-0.00035361388156136803,1.0,2
correct trials,0.028757007784422882,9.999000099990002e-05,3
incorrect trials,-0.019343292589517322,9.999000099990002e-05,0
incorrect trials,-0.0015547926908901655,1.0,1
incorrect trials,0.00890017935420068,9.999000099990002e-05,2
incorrect trials,0.02967512932559313,9.999000099990002e-05,3
