accuracy_train,coefficient,ps,confidence
correct trials,-0.01749111442710931,9.999000099990002e-05,0
correct trials,-0.010645689611285834,9.999000099990002e-05,1
correct trials,-0.0012531230370243815,1.0,2
correct trials,0.028151544982942395,9.999000099990002e-05,3
incorrect trials,-0.01740604403643259,9.999000099990002e-05,0
incorrect trials,0.00014381150281031122,1.0,1
incorrect trials,0.008608195759686289,9.999000099990002e-05,2
incorrect trials,0.026536172200929884,9.999000099990002e-05,3
