accuracy_train,coefficient,ps,confidence
correct trials,-0.019347020393995187,9.999000099990002e-05,0
correct trials,-0.01212600365394792,9.999000099990002e-05,1
correct trials,-0.00035361388156136754,1.0,2
correct trials,0.028757007784422892,9.999000099990002e-05,3
incorrect trials,-0.019343292589517315,9.999000099990002e-05,0
incorrect trials,-0.0015547926908901647,1.0,1
incorrect trials,0.008900179354200684,9.999000099990002e-05,2
incorrect trials,0.029675129325593127,9.999000099990002e-05,3
