accuracy_train,coefficient,ps,confidence
correct trials,-0.015350709077417276,9.999000099990002e-05,0
correct trials,-0.009543788633816217,9.999000099990002e-05,1
correct trials,-0.0008802417412085295,1.0,2
correct trials,0.02797887692100625,9.999000099990002e-05,3
incorrect trials,-0.01825492416014084,9.999000099990002e-05,0
incorrect trials,2.2074857781634323e-05,1.0,1
incorrect trials,0.006515283440580921,9.999000099990002e-05,2
incorrect trials,0.021839166797820556,9.999000099990002e-05,3
