accuracy_train,coefficient,ps,confidence
correct trials,-0.017352013579567914,9.999000099990002e-05,0
correct trials,-0.010813959812967424,9.999000099990002e-05,1
correct trials,-0.001018204142423298,1.0,2
correct trials,0.02780124396014873,9.999000099990002e-05,3
incorrect trials,-0.017387560079679093,9.999000099990002e-05,0
incorrect trials,0.00018046492601210212,1.0,1
incorrect trials,0.008465248077744904,9.999000099990002e-05,2
incorrect trials,0.026590804188112164,9.999000099990002e-05,3
