accuracy_train,coefficient,ps,confidence
correct trials,-0.019381805816622456,9.999000099990002e-05,0
correct trials,-0.011961613470264722,9.999000099990002e-05,1
correct trials,-0.0004038767368628491,1.0,2
correct trials,0.028982617705023472,9.999000099990002e-05,3
incorrect trials,-0.019367967367837025,9.999000099990002e-05,0
incorrect trials,-0.0016019328094147615,1.0,1
incorrect trials,0.008979657429088073,9.999000099990002e-05,2
incorrect trials,0.029592938743389224,9.999000099990002e-05,3
