fold,score,n_sample,source,sub_name,feature importance T-7,feature importance T-6,feature importance T-5,feature importance T-4,feature importance T-3,feature importance T-2,feature importance T-1
0,0.5191278582940457,501,same,1,0.009086161874773646,8.233484737488195e-05,0.014492080467220869,0.0038159046785164073,0.007427529448331793,0.010931839577880654,0.006215520624348947
1,0.6003690284580918,696,same,2,0.046478313737452745,0.05617884616722969,0.045139070370793545,0.06747179483186401,0.032792490980568224,0.05595408862998619,0.03579374014494655
2,0.6373480255878964,749,same,3,0.03278655045847021,0.02650839256531893,0.042251800595643915,0.02579119939420308,0.02435237889092794,0.04175644580862836,0.06459991030893861
3,0.5332534819414791,661,same,4,0.004738170569134359,0.009285162751844466,-0.005485770613878882,0.003376333471287929,-0.013558198327248416,0.0212665825922581,-0.003345769977944546
4,0.523394193299783,752,same,5,0.005885202728758055,0.0020366892818334315,0.001685382494071963,0.007687743102973277,0.012440586690044003,0.022626471860374874,0.012000470247382666
5,0.5038785484078717,773,same,6,0.004444696643967588,0.0067961632504223435,0.011832106698881373,0.01730391143354108,0.009841509922789959,0.0074462160812734934,0.005670807623395785
6,0.5225339776596268,652,same,7,0.009296862788403814,0.019012460496123533,0.007955191566902909,0.00916445782491016,0.01154091554775839,0.008313489710319977,0.011531764830279057
