fold,score,n_sample,source,sub_name,score1,score2,score3,score4,hidden state T-7,hidden state T-6,hidden state T-5,hidden state T-4,hidden state T-3,hidden state T-2,hidden state T-1
0,0.6583063220093477,7720,train,train,0.6202465226858999,0.6572401233212423,0.6594650855348444,0.6962735564954043,0.06715454906225204,0.09107612073421478,0.1009814515709877,0.10581351071596146,0.11025267094373703,0.10804827511310577,0.10931139439344406
0,0.7404029152354495,193,same,1,0.7315875613747954,0.7697106690777578,0.8024282560706403,0.6578851744186046,0.03798358887434006,0.04789458215236664,0.04795091226696968,0.044149305671453476,0.03883874788880348,0.035436056554317474,0.03288143500685692
1,0.6530896600092606,7720,train,train,0.6155267071804856,0.6526948687282831,0.657062310050232,0.6870747540780415,0.06788581609725952,0.09289056807756424,0.10358353704214096,0.1090197041630745,0.11213336139917374,0.11314183473587036,0.10816403478384018
1,0.5372448062344225,193,same,2,0.5528409090909091,0.5323811868997784,0.5368131868131868,0.5269439421338155,0.1212816908955574,0.17582498490810394,0.20733235776424408,0.22552846372127533,0.23766621947288513,0.24449437856674194,0.2483368068933487
2,0.6592088411829605,7720,train,train,0.631660764776709,0.64869184154011,0.6651942860100896,0.6912884724049335,0.07732026278972626,0.10023009777069092,0.10855970531702042,0.11212211102247238,0.11695825308561325,0.11690740287303925,0.11602625250816345
2,0.5097056046293047,193,same,3,0.3906649616368287,0.578005328005328,0.48926270579813885,0.580889423076923,0.07734537124633789,0.10656962543725967,0.12381592392921448,0.13250888884067535,0.13811230659484863,0.14399884641170502,0.1493748277425766
3,0.6610904020591426,7720,train,train,0.621164383746581,0.6610750820882297,0.660130758377045,0.7019913840247144,0.06502826511859894,0.08513422310352325,0.09461730718612671,0.09648959338665009,0.10145312547683716,0.10266808420419693,0.10098864883184433
3,0.5064031720040267,193,same,4,0.527916964924839,0.4586705202312139,0.5316934720908231,0.5073317307692309,0.004343410488218069,-0.003844216000288725,-0.008196483366191387,-0.013153496198356152,-0.016126226633787155,-0.01629658415913582,-0.015274758450686932
