fold,score,n_sample,source,sub_name,score1,score2,score3,score4,hidden state T-7,hidden state T-6,hidden state T-5,hidden state T-4,hidden state T-3,hidden state T-2,hidden state T-1
0,0.6849263014647352,7770,train,train,0.6026777864847324,0.6679405315442226,0.697496820457981,0.7715900673720049,-0.02887721173465252,-0.04849300533533096,-0.05456158518791199,-0.0526871457695961,-0.05114979296922684,-0.05166684836149216,-0.05034269392490387
0,0.6923241703352778,3493,same,1,0.6303948912607664,0.636497795487115,0.7130687187854673,0.7893352758077625,-0.03936437889933586,-0.06416178494691849,-0.07008078694343567,-0.07218252867460251,-0.07293039560317993,-0.07320335507392883,-0.07328619807958603
1,0.6687999050764125,7734,train,train,0.588835263154181,0.6523347066059715,0.6645850645990781,0.7694445859464196,0.006003940477967262,-0.003225484862923622,-0.002314348239451647,-0.005915927700698376,-0.009358342736959457,-0.0070933024398982525,-0.005622925236821175
1,0.6662606895062037,3672,same,2,0.6384593738274899,0.5976506720184881,0.7119265260706813,0.7170061861081554,-0.08326675742864609,-0.10776298493146896,-0.11508216708898544,-0.11795032769441605,-0.11909051984548569,-0.11961090564727783,-0.11994180083274841
