source,model,score_mean,score_std,pval,p_corrected,stars
cognitive,RF,0.5809375511722648,0.11574646259075186,9.99990000099999e-06,2.999970000299997e-05,***
mem_4,RF,0.6489965363561387,0.1011743124833841,9.99990000099999e-06,2.999970000299997e-05,***
mixed_4,RF,0.6804964834306624,0.10336251354125028,9.99990000099999e-06,2.999970000299997e-05,***
cognitive,RNN,0.5711894741453586,0.11262193559725306,9.99990000099999e-06,2.999970000299997e-05,***
mem_4,RNN,0.656910412346405,0.09074413244867065,9.99990000099999e-06,2.999970000299997e-05,***
mixed_4,RNN,0.6746926332201234,0.10198936779635638,9.99990000099999e-06,2.999970000299997e-05,***
