source,pval,slope_rf_mean,slope_rf_std,slope_rnn_mean,slope_rnn_std
cognitive,4.999950000499995e-06,0.03289870998047522,0.0005559255328409752,0.10060290066534652,0.0003973306176871506
mem_4,4.999950000499995e-06,0.08475717997797166,0.00036650910647489915,0.09984483410726888,0.00031323253631097625
mixed_4,4.999950000499995e-06,0.10183241686257043,0.0005735375390136497,0.13502108690046544,0.0003926981387438353
